word,reference_genre,cosine_similarity_history_classical_letter_late,cosine_distance_history_classical_letter_late,euclidean_distance_history_classical_letter_late,cosine_similarity_history_classical_poetry_classical,cosine_distance_history_classical_poetry_classical,euclidean_distance_history_classical_poetry_classical,cosine_similarity_history_classical_oratory_imperial,cosine_distance_history_classical_oratory_imperial,euclidean_distance_history_classical_oratory_imperial,cosine_similarity_history_classical_poetry_late,cosine_distance_history_classical_poetry_late,euclidean_distance_history_classical_poetry_late,jaccard_letter_late_poetry_classical,jaccard_letter_late_oratory_imperial,jaccard_letter_late_history_classical,jaccard_letter_late_poetry_late,jaccard_poetry_classical_oratory_imperial,jaccard_poetry_classical_history_classical,jaccard_poetry_classical_poetry_late,jaccard_oratory_imperial_history_classical,jaccard_oratory_imperial_poetry_late,jaccard_history_classical_poetry_late,freq_philosophy_classical,freq_theology_late,freq_philosophy_imperial,freq_novel_imperial,freq_treatise_imperial,freq_letter_late,freq_poetry_classical,freq_oratory_imperial,freq_theology_imperial,freq_history_imperial,freq_history_late,freq_history_classical,freq_oratory_classical,freq_poetry_imperial,freq_poetry_late,freq_ratio_theology_late_philosophy_classical,freq_ratio_philosophy_imperial_philosophy_classical,freq_ratio_novel_imperial_philosophy_classical,freq_ratio_treatise_imperial_philosophy_classical,freq_ratio_letter_late_philosophy_classical,freq_ratio_poetry_classical_philosophy_classical,freq_ratio_oratory_imperial_philosophy_classical,freq_ratio_theology_imperial_philosophy_classical,freq_ratio_history_imperial_philosophy_classical,freq_ratio_history_late_philosophy_classical,freq_ratio_history_classical_philosophy_classical,freq_ratio_oratory_classical_philosophy_classical,freq_ratio_poetry_imperial_philosophy_classical,freq_ratio_poetry_late_philosophy_classical,freq_ratio_philosophy_imperial_theology_late,freq_ratio_novel_imperial_theology_late,freq_ratio_treatise_imperial_theology_late,freq_ratio_letter_late_theology_late,freq_ratio_poetry_classical_theology_late,freq_ratio_oratory_imperial_theology_late,freq_ratio_theology_imperial_theology_late,freq_ratio_history_imperial_theology_late,freq_ratio_history_late_theology_late,freq_ratio_history_classical_theology_late,freq_ratio_oratory_classical_theology_late,freq_ratio_poetry_imperial_theology_late,freq_ratio_poetry_late_theology_late,freq_ratio_novel_imperial_philosophy_imperial,freq_ratio_treatise_imperial_philosophy_imperial,freq_ratio_letter_late_philosophy_imperial,freq_ratio_poetry_classical_philosophy_imperial,freq_ratio_oratory_imperial_philosophy_imperial,freq_ratio_theology_imperial_philosophy_imperial,freq_ratio_history_imperial_philosophy_imperial,freq_ratio_history_late_philosophy_imperial,freq_ratio_history_classical_philosophy_imperial,freq_ratio_oratory_classical_philosophy_imperial,freq_ratio_poetry_imperial_philosophy_imperial,freq_ratio_poetry_late_philosophy_imperial,freq_ratio_treatise_imperial_novel_imperial,freq_ratio_letter_late_novel_imperial,freq_ratio_poetry_classical_novel_imperial,freq_ratio_oratory_imperial_novel_imperial,freq_ratio_theology_imperial_novel_imperial,freq_ratio_history_imperial_novel_imperial,freq_ratio_history_late_novel_imperial,freq_ratio_history_classical_novel_imperial,freq_ratio_oratory_classical_novel_imperial,freq_ratio_poetry_imperial_novel_imperial,freq_ratio_poetry_late_novel_imperial,freq_ratio_letter_late_treatise_imperial,freq_ratio_poetry_classical_treatise_imperial,freq_ratio_oratory_imperial_treatise_imperial,freq_ratio_theology_imperial_treatise_imperial,freq_ratio_history_imperial_treatise_imperial,freq_ratio_history_late_treatise_imperial,freq_ratio_history_classical_treatise_imperial,freq_ratio_oratory_classical_treatise_imperial,freq_ratio_poetry_imperial_treatise_imperial,freq_ratio_poetry_late_treatise_imperial,freq_ratio_poetry_classical_letter_late,freq_ratio_oratory_imperial_letter_late,freq_ratio_theology_imperial_letter_late,freq_ratio_history_imperial_letter_late,freq_ratio_history_late_letter_late,freq_ratio_history_classical_letter_late,freq_ratio_oratory_classical_letter_late,freq_ratio_poetry_imperial_letter_late,freq_ratio_poetry_late_letter_late,freq_ratio_oratory_imperial_poetry_classical,freq_ratio_theology_imperial_poetry_classical,freq_ratio_history_imperial_poetry_classical,freq_ratio_history_late_poetry_classical,freq_ratio_history_classical_poetry_classical,freq_ratio_oratory_classical_poetry_classical,freq_ratio_poetry_imperial_poetry_classical,freq_ratio_poetry_late_poetry_classical,freq_ratio_theology_imperial_oratory_imperial,freq_ratio_history_imperial_oratory_imperial,freq_ratio_history_late_oratory_imperial,freq_ratio_history_classical_oratory_imperial,freq_ratio_oratory_classical_oratory_imperial,freq_ratio_poetry_imperial_oratory_imperial,freq_ratio_poetry_late_oratory_imperial,freq_ratio_history_imperial_theology_imperial,freq_ratio_history_late_theology_imperial,freq_ratio_history_classical_theology_imperial,freq_ratio_oratory_classical_theology_imperial,freq_ratio_poetry_imperial_theology_imperial,freq_ratio_poetry_late_theology_imperial,freq_ratio_history_late_history_imperial,freq_ratio_history_classical_history_imperial,freq_ratio_oratory_classical_history_imperial,freq_ratio_poetry_imperial_history_imperial,freq_ratio_poetry_late_history_imperial,freq_ratio_history_classical_history_late,freq_ratio_oratory_classical_history_late,freq_ratio_poetry_imperial_history_late,freq_ratio_poetry_late_history_late,freq_ratio_oratory_classical_history_classical,freq_ratio_poetry_imperial_history_classical,freq_ratio_poetry_late_history_classical,freq_ratio_poetry_imperial_oratory_classical,freq_ratio_poetry_late_oratory_classical,freq_ratio_poetry_late_poetry_imperial,semantic_change_history_classical_letter_late,semantic_change_history_classical_poetry_classical,semantic_change_history_classical_oratory_imperial,semantic_change_history_classical_poetry_late,cosine_similarity_history_classical_theology_late,cosine_distance_history_classical_theology_late,euclidean_distance_history_classical_theology_late,cosine_similarity_history_classical_novel_imperial,cosine_distance_history_classical_novel_imperial,euclidean_distance_history_classical_novel_imperial,cosine_similarity_history_classical_history_imperial,cosine_distance_history_classical_history_imperial,euclidean_distance_history_classical_history_imperial,cosine_similarity_history_classical_history_late,cosine_distance_history_classical_history_late,euclidean_distance_history_classical_history_late,cosine_similarity_history_classical_oratory_classical,cosine_distance_history_classical_oratory_classical,euclidean_distance_history_classical_oratory_classical,cosine_similarity_history_classical_poetry_imperial,cosine_distance_history_classical_poetry_imperial,euclidean_distance_history_classical_poetry_imperial,jaccard_theology_late_novel_imperial,jaccard_theology_late_poetry_classical,jaccard_theology_late_oratory_imperial,jaccard_theology_late_history_imperial,jaccard_theology_late_history_late,jaccard_theology_late_history_classical,jaccard_theology_late_oratory_classical,jaccard_theology_late_poetry_imperial,jaccard_theology_late_poetry_late,jaccard_novel_imperial_poetry_classical,jaccard_novel_imperial_oratory_imperial,jaccard_novel_imperial_history_imperial,jaccard_novel_imperial_history_late,jaccard_novel_imperial_history_classical,jaccard_novel_imperial_oratory_classical,jaccard_novel_imperial_poetry_imperial,jaccard_novel_imperial_poetry_late,jaccard_poetry_classical_history_imperial,jaccard_poetry_classical_history_late,jaccard_poetry_classical_oratory_classical,jaccard_poetry_classical_poetry_imperial,jaccard_oratory_imperial_history_imperial,jaccard_oratory_imperial_history_late,jaccard_oratory_imperial_oratory_classical,jaccard_oratory_imperial_poetry_imperial,jaccard_history_imperial_history_late,jaccard_history_imperial_history_classical,jaccard_history_imperial_oratory_classical,jaccard_history_imperial_poetry_imperial,jaccard_history_imperial_poetry_late,jaccard_history_late_history_classical,jaccard_history_late_oratory_classical,jaccard_history_late_poetry_imperial,jaccard_history_late_poetry_late,jaccard_history_classical_oratory_classical,jaccard_history_classical_poetry_imperial,jaccard_oratory_classical_poetry_imperial,jaccard_oratory_classical_poetry_late,jaccard_poetry_imperial_poetry_late,semantic_change_history_classical_theology_late,semantic_change_history_classical_novel_imperial,semantic_change_history_classical_history_imperial,semantic_change_history_classical_history_late,semantic_change_history_classical_oratory_classical,semantic_change_history_classical_poetry_imperial,cosine_similarity_history_classical_philosophy_classical,cosine_distance_history_classical_philosophy_classical,euclidean_distance_history_classical_philosophy_classical,cosine_similarity_history_classical_philosophy_imperial,cosine_distance_history_classical_philosophy_imperial,euclidean_distance_history_classical_philosophy_imperial,cosine_similarity_history_classical_theology_imperial,cosine_distance_history_classical_theology_imperial,euclidean_distance_history_classical_theology_imperial,jaccard_philosophy_classical_theology_late,jaccard_philosophy_classical_philosophy_imperial,jaccard_philosophy_classical_novel_imperial,jaccard_philosophy_classical_letter_late,jaccard_philosophy_classical_poetry_classical,jaccard_philosophy_classical_oratory_imperial,jaccard_philosophy_classical_theology_imperial,jaccard_philosophy_classical_history_imperial,jaccard_philosophy_classical_history_late,jaccard_philosophy_classical_history_classical,jaccard_philosophy_classical_oratory_classical,jaccard_philosophy_classical_poetry_imperial,jaccard_philosophy_classical_poetry_late,jaccard_theology_late_philosophy_imperial,jaccard_theology_late_letter_late,jaccard_theology_late_theology_imperial,jaccard_philosophy_imperial_novel_imperial,jaccard_philosophy_imperial_letter_late,jaccard_philosophy_imperial_poetry_classical,jaccard_philosophy_imperial_oratory_imperial,jaccard_philosophy_imperial_theology_imperial,jaccard_philosophy_imperial_history_imperial,jaccard_philosophy_imperial_history_late,jaccard_philosophy_imperial_history_classical,jaccard_philosophy_imperial_oratory_classical,jaccard_philosophy_imperial_poetry_imperial,jaccard_philosophy_imperial_poetry_late,jaccard_novel_imperial_letter_late,jaccard_novel_imperial_theology_imperial,jaccard_letter_late_theology_imperial,jaccard_letter_late_history_imperial,jaccard_letter_late_history_late,jaccard_letter_late_oratory_classical,jaccard_letter_late_poetry_imperial,jaccard_poetry_classical_theology_imperial,jaccard_oratory_imperial_theology_imperial,jaccard_theology_imperial_history_imperial,jaccard_theology_imperial_history_late,jaccard_theology_imperial_history_classical,jaccard_theology_imperial_oratory_classical,jaccard_theology_imperial_poetry_imperial,jaccard_theology_imperial_poetry_late,semantic_change_history_classical_philosophy_classical,semantic_change_history_classical_philosophy_imperial,semantic_change_history_classical_theology_imperial,cosine_similarity_history_classical_treatise_imperial,cosine_distance_history_classical_treatise_imperial,euclidean_distance_history_classical_treatise_imperial,jaccard_philosophy_classical_treatise_imperial,jaccard_theology_late_treatise_imperial,jaccard_philosophy_imperial_treatise_imperial,jaccard_novel_imperial_treatise_imperial,jaccard_treatise_imperial_letter_late,jaccard_treatise_imperial_poetry_classical,jaccard_treatise_imperial_oratory_imperial,jaccard_treatise_imperial_theology_imperial,jaccard_treatise_imperial_history_imperial,jaccard_treatise_imperial_history_late,jaccard_treatise_imperial_history_classical,jaccard_treatise_imperial_oratory_classical,jaccard_treatise_imperial_poetry_imperial,jaccard_treatise_imperial_poetry_late,semantic_change_history_classical_treatise_imperial,semantic_change_history_classical_letter_late_percentile,semantic_change_history_classical_poetry_classical_percentile,semantic_change_history_classical_oratory_imperial_percentile,semantic_change_history_classical_poetry_late_percentile,semantic_change_history_classical_theology_late_percentile,semantic_change_history_classical_novel_imperial_percentile,semantic_change_history_classical_history_imperial_percentile,semantic_change_history_classical_history_late_percentile,semantic_change_history_classical_oratory_classical_percentile,semantic_change_history_classical_poetry_imperial_percentile,semantic_change_history_classical_philosophy_classical_percentile,semantic_change_history_classical_philosophy_imperial_percentile,semantic_change_history_classical_theology_imperial_percentile,semantic_change_history_classical_treatise_imperial_percentile
puella,history_classical,0.9912574887275696,0.00874251127243042,0.26956745982170105,0.9901514053344727,0.009848594665527344,0.22593875229358673,0.9905268549919128,0.009473145008087158,0.2204430103302002,0.9902721643447876,0.009727835655212402,0.22836989164352417,0.0,0.0,0.0,0.0,0.0,0.0,0.0,0.0,0.0,0.0,0,0,0,0,0,2,5,4,0,0,0,16,0,0,10,0.0,0.0,0.0,0.0,2.0,5.0,4.0,0.0,0.0,0.0,16.0,0.0,0.0,10.0,0.0,0.0,0.0,2.0,5.0,4.0,0.0,0.0,0.0,16.0,0.0,0.0,10.0,0.0,0.0,2.0,5.0,4.0,0.0,0.0,0.0,16.0,0.0,0.0,10.0,0.0,2.0,5.0,4.0,0.0,0.0,0.0,16.0,0.0,0.0,10.0,2.0,5.0,4.0,0.0,0.0,0.0,16.0,0.0,0.0,10.0,2.5,2.0,0.0,0.0,0.0,8.0,0.0,0.0,5.0,0.8,0.0,0.0,0.0,3.2,0.0,0.0,2.0,0.0,0.0,0.0,4.0,0.0,0.0,2.5,0.0,0.0,16.0,0.0,0.0,10.0,0.0,16.0,0.0,0.0,10.0,16.0,0.0,0.0,10.0,0.0,0.0,0.625,0.0,10.0,10.0,0.00874251127243042,0.009848594665527344,0.009473145008087158,0.009727835655212402,,,,,,,,,,,,,,,,,,,,,,,,,,,,,,,,,,,,,,,,,,,,,,,,,,,,,,,,,,,,,,,,,,,,,,,,,,,,,,,,,,,,,,,,,,,,,,,,,,,,,,,,,,,,,,,,,,,,,,,,,,,,,,,,,,,,,,,,61.111111111111114,61.111111111111114,68.18181818181817,70.0,,,,,,,,,,
equus,history_classical,,,,0.9907045364379883,0.009295463562011719,0.23712152242660522,0.9911110997200012,0.00888890027999878,0.23140503466129303,0.9910938143730164,0.008906185626983643,0.2486928254365921,,,,,0.0,0.0,0.0,0.0,0.0,0.0,0,1,0,3,0,0,20,9,0,14,13,65,3,11,6,1.0,0.0,3.0,0.0,0.0,20.0,9.0,0.0,14.0,13.0,65.0,3.0,11.0,6.0,0.0,3.0,0.0,0.0,20.0,9.0,0.0,14.0,13.0,65.0,3.0,11.0,6.0,3.0,0.0,0.0,20.0,9.0,0.0,14.0,13.0,65.0,3.0,11.0,6.0,0.0,0.0,6.666666666666667,3.0,0.0,4.666666666666667,4.333333333333333,21.666666666666668,1.0,3.6666666666666665,2.0,0.0,20.0,9.0,0.0,14.0,13.0,65.0,3.0,11.0,6.0,20.0,9.0,0.0,14.0,13.0,65.0,3.0,11.0,6.0,0.45,0.0,0.7,0.65,3.25,0.15,0.55,0.3,0.0,1.5555555555555556,1.4444444444444444,7.222222222222222,0.3333333333333333,1.2222222222222223,0.6666666666666666,14.0,13.0,65.0,3.0,11.0,6.0,0.9285714285714286,4.642857142857143,0.21428571428571427,0.7857142857142857,0.42857142857142855,5.0,0.23076923076923078,0.8461538461538461,0.46153846153846156,0.046153846153846156,0.16923076923076924,0.09230769230769231,3.6666666666666665,2.0,0.5454545454545454,,0.009295463562011719,0.00888890027999878,0.008906185626983643,0.9930638670921326,0.006936132907867432,0.18171590566635132,0.9963542222976685,0.003645777702331543,0.2929220199584961,0.991157054901123,0.008842945098876953,0.22036491334438324,0.990977942943573,0.009022057056427002,0.23242107033729553,0.9899099469184875,0.010090053081512451,0.21621093153953552,0.9927981495857239,0.007201850414276123,0.2514112889766693,0.0,0.0,0.0,0.0,0.0,0.0,0.0,0.0,0.0,0.0,0.0,0.0,0.0,0.0,0.0,0.0,0.0,0.0,0.0,0.0,0.0,0.0,0.0,0.0,0.0,0.0,0.0,0.0,0.0,0.0,0.0,0.0,0.0,0.0,0.05263157894736842,0.0,0.0,0.0,0.0,0.006936132907867432,0.003645777702331543,0.008842945098876953,0.009022057056427002,0.010090053081512451,0.007201850414276123,,,,,,,,,,,,,,,,,,,,,,,,,,,,,,,,,,,,,,,,,,,,,,,,,,,,,,,,,,,,,,,,,,,,,,,,,,55.55555555555556,59.09090909090909,60.0,45.45454545454545,18.181818181818183,63.63636363636363,65.0,61.53846153846154,47.05882352941176,,,,
urbs,history_classical,0.94675612449646,0.05324387550354004,0.6406879425048828,0.943393349647522,0.05660665035247803,0.5438435673713684,0.9432384371757507,0.05676156282424927,0.5457921624183655,0.943109393119812,0.05689060688018799,0.5387868881225586,0.05263157894736842,0.0,0.0,0.0,0.0,0.0,0.0,0.0,0.0,0.0,31,19,6,3,0,4,15,2,22,109,34,414,20,36,21,0.6129032258064516,0.1935483870967742,0.0967741935483871,0.0,0.12903225806451613,0.4838709677419355,0.06451612903225806,0.7096774193548387,3.5161290322580645,1.096774193548387,13.35483870967742,0.6451612903225806,1.1612903225806452,0.6774193548387096,0.3157894736842105,0.15789473684210525,0.0,0.21052631578947367,0.7894736842105263,0.10526315789473684,1.1578947368421053,5.7368421052631575,1.7894736842105263,21.789473684210527,1.0526315789473684,1.894736842105263,1.105263157894737,0.5,0.0,0.6666666666666666,2.5,0.3333333333333333,3.6666666666666665,18.166666666666668,5.666666666666667,69.0,3.3333333333333335,6.0,3.5,0.0,1.3333333333333333,5.0,0.6666666666666666,7.333333333333333,36.333333333333336,11.333333333333334,138.0,6.666666666666667,12.0,7.0,4.0,15.0,2.0,22.0,109.0,34.0,414.0,20.0,36.0,21.0,3.75,0.5,5.5,27.25,8.5,103.5,5.0,9.0,5.25,0.13333333333333333,1.4666666666666666,7.266666666666667,2.2666666666666666,27.6,1.3333333333333333,2.4,1.4,11.0,54.5,17.0,207.0,10.0,18.0,10.5,4.954545454545454,1.5454545454545454,18.818181818181817,0.9090909090909091,1.6363636363636365,0.9545454545454546,0.3119266055045872,3.7981651376146788,0.1834862385321101,0.3302752293577982,0.1926605504587156,12.176470588235293,0.5882352941176471,1.0588235294117647,0.6176470588235294,0.04830917874396135,0.08695652173913043,0.050724637681159424,1.8,1.05,0.5833333333333334,0.05324387550354004,0.05660665035247803,0.05676156282424927,0.05689060688018799,0.9361787438392639,0.06382125616073608,0.5670815110206604,0.920149028301239,0.07985097169876099,0.6993411183357239,0.9425420761108398,0.057457923889160156,0.5418673753738403,0.9432184100151062,0.0567815899848938,0.5405533909797668,0.945651113986969,0.054348886013031006,0.529555082321167,0.9372871518135071,0.06271284818649292,0.572541356086731,0.0,0.0,0.0,0.0,0.0,0.0,0.0,0.0,0.0,0.0,0.0,0.0,0.0,0.0,0.0,0.0,0.0,0.0,0.0,0.0,0.0,0.0,0.0,0.0,0.0,0.0,0.0,0.0,0.0,0.0,0.0,0.0,0.0,0.0,0.0,0.0,0.0,0.0,0.0,0.06382125616073608,0.07985097169876099,0.057457923889160156,0.0567815899848938,0.054348886013031006,0.06271284818649292,0.9431498050689697,0.05685019493103027,0.5426579117774963,0.9190896153450012,0.08091038465499878,0.6491920351982117,0.9435163736343384,0.05648362636566162,0.5387032628059387,0.0,0.0,0.0,0.0,0.0,0.0,0.0,0.0,0.0,0.0,0.0,0.0,0.0,0.0,0.0,0.0,0.0,0.0,0.0,0.0,0.0,0.0,0.0,0.0,0.0,0.0,0.0,0.05263157894736842,0.0,0.0,0.0,0.0,0.0,0.0,0.0,0.0,0.0,0.0,0.0,0.0,0.0,0.0,0.05685019493103027,0.08091038465499878,0.05648362636566162,,,,,,,,,,,,,,,,,,,94.44444444444444,94.44444444444444,95.45454545454545,95.0,95.45454545454545,100.0,95.45454545454545,95.0,92.3076923076923,94.11764705882352,93.33333333333333,93.33333333333333,94.73684210526315,
terra,history_classical,0.9995683431625366,0.0004316568374633789,0.10046055167913437,0.9997612833976746,0.00023871660232543945,0.08655893057584763,0.9997590780258179,0.0002409219741821289,0.09130478650331497,0.9997850656509399,0.0002149343490600586,0.0755954161286354,0.0,0.0,0.0,0.0,0.0,0.0,0.0,0.0,0.0,0.0,35,139,9,5,25,3,92,12,44,16,41,56,6,32,22,3.9714285714285715,0.2571428571428571,0.14285714285714285,0.7142857142857143,0.08571428571428572,2.6285714285714286,0.34285714285714286,1.2571428571428571,0.45714285714285713,1.1714285714285715,1.6,0.17142857142857143,0.9142857142857143,0.6285714285714286,0.06474820143884892,0.03597122302158273,0.17985611510791366,0.02158273381294964,0.6618705035971223,0.08633093525179857,0.31654676258992803,0.11510791366906475,0.2949640287769784,0.4028776978417266,0.04316546762589928,0.2302158273381295,0.15827338129496402,0.5555555555555556,2.7777777777777777,0.3333333333333333,10.222222222222221,1.3333333333333333,4.888888888888889,1.7777777777777777,4.555555555555555,6.222222222222222,0.6666666666666666,3.5555555555555554,2.4444444444444446,5.0,0.6,18.4,2.4,8.8,3.2,8.2,11.2,1.2,6.4,4.4,0.12,3.68,0.48,1.76,0.64,1.64,2.24,0.24,1.28,0.88,30.666666666666668,4.0,14.666666666666666,5.333333333333333,13.666666666666666,18.666666666666668,2.0,10.666666666666666,7.333333333333333,0.13043478260869565,0.4782608695652174,0.17391304347826086,0.44565217391304346,0.6086956521739131,0.06521739130434782,0.34782608695652173,0.2391304347826087,3.6666666666666665,1.3333333333333333,3.4166666666666665,4.666666666666667,0.5,2.6666666666666665,1.8333333333333333,0.36363636363636365,0.9318181818181818,1.2727272727272727,0.13636363636363635,0.7272727272727273,0.5,2.5625,3.5,0.375,2.0,1.375,1.3658536585365855,0.14634146341463414,0.7804878048780488,0.5365853658536586,0.10714285714285714,0.5714285714285714,0.39285714285714285,5.333333333333333,3.6666666666666665,0.6875,0.0004316568374633789,0.00023871660232543945,0.0002409219741821289,0.0002149343490600586,0.999033510684967,0.000966489315032959,0.0671541690826416,0.9985062479972839,0.0014937520027160645,0.5101544857025146,0.9997472167015076,0.00025278329849243164,0.052195675671100616,0.9997827410697937,0.00021725893020629883,0.08478820323944092,0.9996485114097595,0.0003514885902404785,0.08472482115030289,0.9997135996818542,0.00028640031814575195,0.09960916638374329,0.0,0.0,0.0,0.0,0.0,0.0,0.0,0.0,0.0,0.0,0.0,0.0,0.0,0.0,0.0,0.0,0.0,0.0,0.0,0.0,0.0,0.0,0.0,0.0,0.05263157894736842,0.0,0.0,0.0,0.0,0.0,0.0,0.0,0.0,0.0,0.0,0.0,0.0,0.0,0.0,0.000966489315032959,0.0014937520027160645,0.00025278329849243164,0.00021725893020629883,0.0003514885902404785,0.00028640031814575195,0.9997344017028809,0.0002655982971191406,0.08170216530561447,0.9980890154838562,0.0019109845161437988,0.12714076042175293,0.9997649788856506,0.00023502111434936523,0.060009218752384186,0.0,0.0,0.0,0.0,0.0,0.0,0.0,0.0,0.0,0.0,0.0,0.0,0.0,0.0,0.0,0.0,0.0,0.0,0.0,0.0,0.0,0.0,0.0,0.0,0.0,0.0,0.0,0.0,0.0,0.0,0.0,0.0,0.0,0.0,0.0,0.0,0.0,0.0,0.0,0.0,0.0,0.0,0.0002655982971191406,0.0019109845161437988,0.00023502111434936523,0.9994639754295349,0.0005360245704650879,0.10628610849380493,0.0,0.0,0.0,0.0,0.0,0.0,0.0,0.0,0.0,0.0,0.0,0.0,0.0,0.0,0.0005360245704650879,5.555555555555555,5.555555555555555,4.545454545454546,5.0,4.545454545454546,9.090909090909092,4.545454545454546,5.0,7.6923076923076925,5.88235294117647,6.666666666666667,13.333333333333334,5.263157894736842,6.666666666666667
caritas,history_classical,0.9955277442932129,0.004472255706787109,0.3259519040584564,,,,,,,,,,,,0.0,,,,,,,,3,6,0,0,5,2,0,0,0,3,0,13,5,0,0,2.0,0.0,0.0,1.6666666666666667,0.6666666666666666,0.0,0.0,0.0,1.0,0.0,4.333333333333333,1.6666666666666667,0.0,0.0,0.0,0.0,0.8333333333333334,0.3333333333333333,0.0,0.0,0.0,0.5,0.0,2.1666666666666665,0.8333333333333334,0.0,0.0,0.0,5.0,2.0,0.0,0.0,0.0,3.0,0.0,13.0,5.0,0.0,0.0,5.0,2.0,0.0,0.0,0.0,3.0,0.0,13.0,5.0,0.0,0.0,0.4,0.0,0.0,0.0,0.6,0.0,2.6,1.0,0.0,0.0,0.0,0.0,0.0,1.5,0.0,6.5,2.5,0.0,0.0,0.0,0.0,3.0,0.0,13.0,5.0,0.0,0.0,0.0,3.0,0.0,13.0,5.0,0.0,0.0,3.0,0.0,13.0,5.0,0.0,0.0,0.0,4.333333333333333,1.6666666666666667,0.0,0.0,13.0,5.0,0.0,0.0,0.38461538461538464,0.0,0.0,0.0,0.0,0.0,0.004472255706787109,,,,0.9924001693725586,0.007599830627441406,0.19762758910655975,,,,0.9950283765792847,0.004971623420715332,0.1716751605272293,,,,0.9955713748931885,0.0044286251068115234,0.1656256467103958,,,,,,,0.0,,0.0,0.0,,,,,,,,,,,,,,,,,,,,0.0,0.0,,,,,,,0.0,,,,,0.007599830627441406,,0.004971623420715332,,0.0044286251068115234,,0.9951618909835815,0.004838109016418457,0.1666645109653473,,,,,,,0.0,,,0.0,,,,0.0,,0.0,0.0,,,,0.0,,,,,,,,,,,,,,,,0.0,,0.0,,,,,,,,,,0.004838109016418457,,,0.9964795112609863,0.003520488739013672,0.14909584820270538,0.0,0.0,,,0.0,,,,0.0,,0.0,0.0,,,0.003520488739013672,44.44444444444444,,,,54.54545454545454,,40.909090909090914,,46.15384615384615,,33.33333333333333,,,53.333333333333336
prex,history_classical,,,,0.9910957217216492,0.00890427827835083,0.22363534569740295,0.9911810755729675,0.00881892442703247,0.2198100984096527,0.9909544587135315,0.009045541286468506,0.21439701318740845,,,,,0.0,0.0,0.0,0.0,0.0,0.0,0,0,0,0,15,0,4,4,0,11,5,17,0,2,1,0.0,0.0,0.0,15.0,0.0,4.0,4.0,0.0,11.0,5.0,17.0,0.0,2.0,1.0,0.0,0.0,15.0,0.0,4.0,4.0,0.0,11.0,5.0,17.0,0.0,2.0,1.0,0.0,15.0,0.0,4.0,4.0,0.0,11.0,5.0,17.0,0.0,2.0,1.0,15.0,0.0,4.0,4.0,0.0,11.0,5.0,17.0,0.0,2.0,1.0,0.0,0.26666666666666666,0.26666666666666666,0.0,0.7333333333333333,0.3333333333333333,1.1333333333333333,0.0,0.13333333333333333,0.06666666666666667,4.0,4.0,0.0,11.0,5.0,17.0,0.0,2.0,1.0,1.0,0.0,2.75,1.25,4.25,0.0,0.5,0.25,0.0,2.75,1.25,4.25,0.0,0.5,0.25,11.0,5.0,17.0,0.0,2.0,1.0,0.45454545454545453,1.5454545454545454,0.0,0.18181818181818182,0.09090909090909091,3.4,0.0,0.4,0.2,0.0,0.11764705882352941,0.058823529411764705,2.0,1.0,0.5,,0.00890427827835083,0.00881892442703247,0.009045541286468506,,,,,,,0.9911083579063416,0.008891642093658447,0.2239474505186081,0.9912405610084534,0.00875943899154663,0.22425691783428192,,,,0.9887828230857849,0.011217176914215088,0.23376159369945526,,,,,,,,,,,,,,,,,,0.05263157894736842,0.0,,0.0,0.0,0.0,,0.0,0.0,0.0,,0.0,0.0,0.0,,0.0,0.0,,0.0,,,0.0,,,0.008891642093658447,0.00875943899154663,,0.011217176914215088,,,,,,,,,,,,,,,,,,,,,,,,,,,,,,,,,,,,,,,,,,,,,,,,,,,,,,,0.9930400848388672,0.0069599151611328125,0.1786336749792099,,,,,,0.0,0.0,,0.0,0.0,0.0,,0.05263157894736842,0.0,0.0069599151611328125,,50.0,54.54545454545454,65.0,,,68.18181818181817,60.0,,58.82352941176471,,,,73.33333333333333
sacramentum,history_classical,,,,,,,,,,,,,,,,,,,,,,,0,3,0,0,6,0,0,0,6,27,2,10,0,0,0,3.0,0.0,0.0,6.0,0.0,0.0,0.0,6.0,27.0,2.0,10.0,0.0,0.0,0.0,0.0,0.0,2.0,0.0,0.0,0.0,2.0,9.0,0.6666666666666666,3.3333333333333335,0.0,0.0,0.0,0.0,6.0,0.0,0.0,0.0,6.0,27.0,2.0,10.0,0.0,0.0,0.0,6.0,0.0,0.0,0.0,6.0,27.0,2.0,10.0,0.0,0.0,0.0,0.0,0.0,0.0,1.0,4.5,0.3333333333333333,1.6666666666666667,0.0,0.0,0.0,0.0,0.0,6.0,27.0,2.0,10.0,0.0,0.0,0.0,0.0,6.0,27.0,2.0,10.0,0.0,0.0,0.0,6.0,27.0,2.0,10.0,0.0,0.0,0.0,4.5,0.3333333333333333,1.6666666666666667,0.0,0.0,0.0,0.07407407407407407,0.37037037037037035,0.0,0.0,0.0,5.0,0.0,0.0,0.0,0.0,0.0,0.0,0.0,0.0,0.0,,,,,0.994247555732727,0.005752444267272949,0.1635710746049881,,,,0.9959703087806702,0.004029691219329834,0.14287251234054565,0.9961377382278442,0.0038622617721557617,0.15645325183868408,,,,,,,,,,0.0,0.0,0.0,,,,,,,,,,,,,,,,,,,,0.0,0.0,,,,0.0,,,,,,,,,0.005752444267272949,,0.004029691219329834,0.0038622617721557617,,,,,,,,,0.9963600635528564,0.0036399364471435547,0.14381718635559082,,,,,,,,,,,,,,,,0.0,,,,,,,,,,,,,,,,,,,,,0.0,0.0,0.0,,,,,,0.0036399364471435547,0.9972474575042725,0.002752542495727539,0.3176097273826599,,0.0,,,,,,0.0,0.0,0.0,0.0,,,,0.002752542495727539,,,,,36.36363636363637,,27.27272727272727,30.0,,,,,36.84210526315789,40.0
sacer,history_classical,0.9654040932655334,0.03459590673446655,0.7597521543502808,0.9619854688644409,0.03801453113555908,0.44137758016586304,0.9635422229766846,0.03645777702331543,0.431343138217926,0.9624761343002319,0.037523865699768066,0.4343712031841278,0.0,0.0,0.0,0.0,0.0,0.0,0.0,0.0,0.0,0.0,4,30,5,0,0,2,30,13,18,8,2,72,0,29,37,7.5,1.25,0.0,0.0,0.5,7.5,3.25,4.5,2.0,0.5,18.0,0.0,7.25,9.25,0.16666666666666666,0.0,0.0,0.06666666666666667,1.0,0.43333333333333335,0.6,0.26666666666666666,0.06666666666666667,2.4,0.0,0.9666666666666667,1.2333333333333334,0.0,0.0,0.4,6.0,2.6,3.6,1.6,0.4,14.4,0.0,5.8,7.4,0.0,2.0,30.0,13.0,18.0,8.0,2.0,72.0,0.0,29.0,37.0,2.0,30.0,13.0,18.0,8.0,2.0,72.0,0.0,29.0,37.0,15.0,6.5,9.0,4.0,1.0,36.0,0.0,14.5,18.5,0.43333333333333335,0.6,0.26666666666666666,0.06666666666666667,2.4,0.0,0.9666666666666667,1.2333333333333334,1.3846153846153846,0.6153846153846154,0.15384615384615385,5.538461538461538,0.0,2.230769230769231,2.8461538461538463,0.4444444444444444,0.1111111111111111,4.0,0.0,1.6111111111111112,2.0555555555555554,0.25,9.0,0.0,3.625,4.625,36.0,0.0,14.5,18.5,0.0,0.4027777777777778,0.5138888888888888,29.0,37.0,1.2758620689655173,0.03459590673446655,0.03801453113555908,0.03645777702331543,0.037523865699768066,0.9548653364181519,0.045134663581848145,0.46993517875671387,,,,0.9625470042228699,0.03745299577713013,0.43059903383255005,0.962739884853363,0.03726011514663696,0.4315130412578583,,,,0.9576349258422852,0.042365074157714844,0.46783700585365295,,0.0,0.0,0.0,0.0,0.0,,0.0,0.0,,,,,,,,,0.0,0.0,,0.0,0.0,0.0,,0.0,0.0,0.0,,0.0,0.0,0.0,,0.0,0.0,,0.0,,,0.0,0.045134663581848145,,0.03745299577713013,0.03726011514663696,,0.042365074157714844,0.9625682234764099,0.03743177652359009,0.44297221302986145,0.9420761466026306,0.057923853397369385,0.5430277585983276,0.9625540375709534,0.03744596242904663,0.4321436882019043,0.0,0.0,,0.0,0.0,0.0,0.0,0.0,0.0,0.0,,0.0,0.0,0.0,0.0,0.05263157894736842,,0.0,0.0,0.0,0.0,0.0,0.0,0.0,,0.0,0.0,,,0.0,0.0,0.0,,0.0,0.0,0.0,0.0,0.0,0.0,,0.0,0.0,0.03743177652359009,0.057923853397369385,0.03744596242904663,,,,,,,,,,,,,,,,,,,83.33333333333334,88.88888888888889,86.36363636363636,85.0,86.36363636363636,,90.9090909090909,90.0,,88.23529411764706,86.66666666666667,80.0,89.47368421052632,
sacerdos,history_classical,,,,,,,0.9938907623291016,0.0061092376708984375,0.19285184144973755,0.9941182136535645,0.005881786346435547,0.179604634642601,,,,,,,,0.0,0.0,0.0,0,4,0,0,0,0,0,6,10,6,0,18,0,6,8,4.0,0.0,0.0,0.0,0.0,0.0,6.0,10.0,6.0,0.0,18.0,0.0,6.0,8.0,0.0,0.0,0.0,0.0,0.0,1.5,2.5,1.5,0.0,4.5,0.0,1.5,2.0,0.0,0.0,0.0,0.0,6.0,10.0,6.0,0.0,18.0,0.0,6.0,8.0,0.0,0.0,0.0,6.0,10.0,6.0,0.0,18.0,0.0,6.0,8.0,0.0,0.0,6.0,10.0,6.0,0.0,18.0,0.0,6.0,8.0,0.0,6.0,10.0,6.0,0.0,18.0,0.0,6.0,8.0,6.0,10.0,6.0,0.0,18.0,0.0,6.0,8.0,1.6666666666666667,1.0,0.0,3.0,0.0,1.0,1.3333333333333333,0.6,0.0,1.8,0.0,0.6,0.8,0.0,3.0,0.0,1.0,1.3333333333333333,18.0,0.0,6.0,8.0,0.0,0.3333333333333333,0.4444444444444444,6.0,8.0,1.3333333333333333,,,0.0061092376708984375,0.005881786346435547,0.9910309314727783,0.00896906852722168,0.20532186329364777,,,,0.9943229556083679,0.00567704439163208,0.18660232424736023,,,,,,,0.9921016097068787,0.007898390293121338,0.23045942187309265,,,0.0,0.0,,0.0,,0.0,0.0,,,,,,,,,,,,,0.0,,,0.05263157894736842,,0.0,,0.0,0.0,,,,,,0.0,,,0.0,0.00896906852722168,,0.00567704439163208,,,0.007898390293121338,,,,,,,0.9937496185302734,0.0062503814697265625,0.18005824089050293,,,,,,,,,,,,,,,,0.0,,,,,,,,,,,,,,,,,,,,0.0,0.0,,0.0,,0.0,0.0,,,0.0062503814697265625,,,,,,,,,,,,,,,,,,,,,50.0,50.0,63.63636363636363,,54.54545454545454,,,52.94117647058824,,,63.1578947368421,
sacrificium,history_classical,,,,,,,0.9984838962554932,0.001516103744506836,0.11766491830348969,,,,,,,,,,,0.0,,,0,4,0,0,8,0,0,2,3,0,0,15,0,0,0,4.0,0.0,0.0,8.0,0.0,0.0,2.0,3.0,0.0,0.0,15.0,0.0,0.0,0.0,0.0,0.0,2.0,0.0,0.0,0.5,0.75,0.0,0.0,3.75,0.0,0.0,0.0,0.0,8.0,0.0,0.0,2.0,3.0,0.0,0.0,15.0,0.0,0.0,0.0,8.0,0.0,0.0,2.0,3.0,0.0,0.0,15.0,0.0,0.0,0.0,0.0,0.0,0.25,0.375,0.0,0.0,1.875,0.0,0.0,0.0,0.0,2.0,3.0,0.0,0.0,15.0,0.0,0.0,0.0,2.0,3.0,0.0,0.0,15.0,0.0,0.0,0.0,1.5,0.0,0.0,7.5,0.0,0.0,0.0,0.0,0.0,5.0,0.0,0.0,0.0,0.0,15.0,0.0,0.0,0.0,15.0,0.0,0.0,0.0,0.0,0.0,0.0,0.0,0.0,0.0,,,0.001516103744506836,,0.9967875480651855,0.003212451934814453,0.12270061671733856,,,,,,,,,,,,,,,,,,0.0,,,0.0,,,,,,,,,,,,,,,,,,,,,,,,,,,,,,,,,,0.003212451934814453,,,,,,,,,,,,0.9986094832420349,0.0013905167579650879,0.12508884072303772,,,,,,,,,,,,,,,,0.0,,,,,,,,,,,,,,,,,,,,0.0,,,0.0,,,,,,0.0013905167579650879,0.9987073540687561,0.0012926459312438965,0.07734636217355728,,0.05263157894736842,,,,,0.0,0.0,,,0.0,,,,0.0012926459312438965,,,13.636363636363635,,13.636363636363635,,,,,,,,15.789473684210526,20.0
lex,history_classical,0.9053534269332886,0.09464657306671143,0.7344025373458862,0.9023432731628418,0.0976567268371582,0.7326540350914001,0.9010751843452454,0.09892481565475464,0.7368276119232178,0.9010657072067261,0.09893429279327393,0.7331014275550842,0.0,0.0,0.0,0.0,0.0,0.0,0.0,0.0,0.0,0.0,64,54,19,0,11,2,26,12,57,16,35,267,60,17,32,0.84375,0.296875,0.0,0.171875,0.03125,0.40625,0.1875,0.890625,0.25,0.546875,4.171875,0.9375,0.265625,0.5,0.35185185185185186,0.0,0.2037037037037037,0.037037037037037035,0.48148148148148145,0.2222222222222222,1.0555555555555556,0.2962962962962963,0.6481481481481481,4.944444444444445,1.1111111111111112,0.3148148148148148,0.5925925925925926,0.0,0.5789473684210527,0.10526315789473684,1.368421052631579,0.631578947368421,3.0,0.8421052631578947,1.8421052631578947,14.052631578947368,3.1578947368421053,0.8947368421052632,1.6842105263157894,11.0,2.0,26.0,12.0,57.0,16.0,35.0,267.0,60.0,17.0,32.0,0.18181818181818182,2.3636363636363638,1.0909090909090908,5.181818181818182,1.4545454545454546,3.1818181818181817,24.272727272727273,5.454545454545454,1.5454545454545454,2.909090909090909,13.0,6.0,28.5,8.0,17.5,133.5,30.0,8.5,16.0,0.46153846153846156,2.1923076923076925,0.6153846153846154,1.3461538461538463,10.26923076923077,2.3076923076923075,0.6538461538461539,1.2307692307692308,4.75,1.3333333333333333,2.9166666666666665,22.25,5.0,1.4166666666666667,2.6666666666666665,0.2807017543859649,0.6140350877192983,4.684210526315789,1.0526315789473684,0.2982456140350877,0.5614035087719298,2.1875,16.6875,3.75,1.0625,2.0,7.628571428571429,1.7142857142857142,0.4857142857142857,0.9142857142857143,0.2247191011235955,0.06367041198501873,0.1198501872659176,0.2833333333333333,0.5333333333333333,1.8823529411764706,0.09464657306671143,0.0976567268371582,0.09892481565475464,0.09893429279327393,0.8927786946296692,0.10722130537033081,0.7586984038352966,,,,0.900846004486084,0.09915399551391602,0.7364734411239624,0.9029116034507751,0.09708839654922485,0.7276232242584229,0.9051201343536377,0.0948798656463623,0.7186316847801208,0.8928954601287842,0.10710453987121582,0.7740994095802307,,0.0,0.0,0.0,0.0,0.0,0.0,0.0,0.0,,,,,,,,,0.0,0.0,0.0,0.0,0.0,0.0,0.0,0.0,0.0,0.0,0.0,0.0,0.0,0.0,0.0,0.0,0.0,0.0,0.0,0.0,0.0,0.0,0.10722130537033081,,0.09915399551391602,0.09708839654922485,0.0948798656463623,0.10710453987121582,0.9006062746047974,0.09939372539520264,0.7358033061027527,0.8690025210380554,0.13099747896194458,0.8443957567214966,0.9007687568664551,0.09923124313354492,0.7332453727722168,0.0,0.0,,0.0,0.0,0.0,0.0,0.0,0.0,0.0,0.0,0.0,0.0,0.0,0.0,0.0,,0.0,0.0,0.0,0.0,0.0,0.0,0.0,0.0,0.0,0.05263157894736842,,,0.0,0.0,0.0,0.0,0.0,0.0,0.0,0.05263157894736842,0.0,0.0,0.0,0.0,0.0,0.09939372539520264,0.13099747896194458,0.09923124313354492,0.9087466597557068,0.09125334024429321,0.706906259059906,0.0,0.0,0.0,,0.05263157894736842,0.0,0.0,0.0,0.0,0.0,0.0,0.05263157894736842,0.0,0.0,0.09125334024429321,100.0,100.0,100.0,100.0,100.0,,100.0,100.0,100.0,100.0,100.0,100.0,100.0,100.0
spiritus,history_classical,0.9965803623199463,0.003419637680053711,0.3980935215950012,,,,0.9960362315177917,0.003963768482208252,0.16834032535552979,0.9957878589630127,0.004212141036987305,0.15193471312522888,,0.05263157894736842,0.0,0.0,,,,0.0,0.0,0.0,0,54,6,9,26,3,0,5,30,5,11,14,0,0,16,54.0,6.0,9.0,26.0,3.0,0.0,5.0,30.0,5.0,11.0,14.0,0.0,0.0,16.0,0.1111111111111111,0.16666666666666666,0.48148148148148145,0.05555555555555555,0.0,0.09259259259259259,0.5555555555555556,0.09259259259259259,0.2037037037037037,0.25925925925925924,0.0,0.0,0.2962962962962963,1.5,4.333333333333333,0.5,0.0,0.8333333333333334,5.0,0.8333333333333334,1.8333333333333333,2.3333333333333335,0.0,0.0,2.6666666666666665,2.888888888888889,0.3333333333333333,0.0,0.5555555555555556,3.3333333333333335,0.5555555555555556,1.2222222222222223,1.5555555555555556,0.0,0.0,1.7777777777777777,0.11538461538461539,0.0,0.19230769230769232,1.1538461538461537,0.19230769230769232,0.4230769230769231,0.5384615384615384,0.0,0.0,0.6153846153846154,0.0,1.6666666666666667,10.0,1.6666666666666667,3.6666666666666665,4.666666666666667,0.0,0.0,5.333333333333333,5.0,30.0,5.0,11.0,14.0,0.0,0.0,16.0,6.0,1.0,2.2,2.8,0.0,0.0,3.2,0.16666666666666666,0.36666666666666664,0.4666666666666667,0.0,0.0,0.5333333333333333,2.2,2.8,0.0,0.0,3.2,1.2727272727272727,0.0,0.0,1.4545454545454546,0.0,0.0,1.1428571428571428,0.0,16.0,16.0,0.003419637680053711,,0.003963768482208252,0.004212141036987305,0.9949955344200134,0.005004465579986572,0.15327508747577667,0.9888460040092468,0.011153995990753174,0.23143519461154938,0.995953381061554,0.004046618938446045,0.14624249935150146,0.9960479736328125,0.0039520263671875,0.15386521816253662,,,,,,,0.0,,0.0,0.0,0.0,0.0,,,0.0,,0.05263157894736842,0.0,0.0,0.0,,,0.0,,,,,0.0,0.0,,,0.0,0.0,,,0.0,0.0,,,0.0,,,,,,0.005004465579986572,0.011153995990753174,0.004046618938446045,0.0039520263671875,,,,,,0.9880818128585815,0.011918187141418457,0.25266849994659424,0.9959681034088135,0.0040318965911865234,0.14647381007671356,,,,,,,,,,,,,,0.0,0.0,0.0,0.0,0.0,,0.0,0.0,0.0,0.05263157894736842,0.0,,,0.0,0.17647058823529413,0.0,0.0,0.0,0.0,,,,0.0,0.0,0.0,0.0,,,0.0,,0.011918187141418457,0.0040318965911865234,0.997329831123352,0.0026701688766479492,0.20913293957710266,,0.05263157894736842,0.0,0.0,0.0,,0.0,0.0,0.0,0.0,0.0,,,0.0,0.0026701688766479492,22.22222222222222,,31.818181818181817,30.0,22.727272727272727,54.54545454545454,31.818181818181817,35.0,,,,40.0,42.10526315789473,33.33333333333333
fides,history_classical,0.9974663853645325,0.0025336146354675293,0.13296113908290863,0.9965606331825256,0.0034393668174743652,0.17239262163639069,0.9966416358947754,0.0033583641052246094,0.15493261814117432,0.9968056678771973,0.0031943321228027344,0.14020401239395142,0.0,0.0,0.0,0.0,0.0,0.0,0.0,0.0,0.0,0.0,13,26,6,5,15,8,11,15,45,73,20,116,0,7,40,2.0,0.46153846153846156,0.38461538461538464,1.1538461538461537,0.6153846153846154,0.8461538461538461,1.1538461538461537,3.4615384615384617,5.615384615384615,1.5384615384615385,8.923076923076923,0.0,0.5384615384615384,3.076923076923077,0.23076923076923078,0.19230769230769232,0.5769230769230769,0.3076923076923077,0.4230769230769231,0.5769230769230769,1.7307692307692308,2.8076923076923075,0.7692307692307693,4.461538461538462,0.0,0.2692307692307692,1.5384615384615385,0.8333333333333334,2.5,1.3333333333333333,1.8333333333333333,2.5,7.5,12.166666666666666,3.3333333333333335,19.333333333333332,0.0,1.1666666666666667,6.666666666666667,3.0,1.6,2.2,3.0,9.0,14.6,4.0,23.2,0.0,1.4,8.0,0.5333333333333333,0.7333333333333333,1.0,3.0,4.866666666666666,1.3333333333333333,7.733333333333333,0.0,0.4666666666666667,2.6666666666666665,1.375,1.875,5.625,9.125,2.5,14.5,0.0,0.875,5.0,1.3636363636363635,4.090909090909091,6.636363636363637,1.8181818181818181,10.545454545454545,0.0,0.6363636363636364,3.6363636363636362,3.0,4.866666666666666,1.3333333333333333,7.733333333333333,0.0,0.4666666666666667,2.6666666666666665,1.6222222222222222,0.4444444444444444,2.577777777777778,0.0,0.15555555555555556,0.8888888888888888,0.273972602739726,1.5890410958904109,0.0,0.0958904109589041,0.547945205479452,5.8,0.0,0.35,2.0,0.0,0.0603448275862069,0.3448275862068966,7.0,40.0,5.714285714285714,0.0025336146354675293,0.0034393668174743652,0.0033583641052246094,0.0031943321228027344,0.9942367672920227,0.005763232707977295,0.1638469249010086,0.99008709192276,0.00991290807723999,0.21929916739463806,0.9965250492095947,0.0034749507904052734,0.1434956192970276,0.9968979954719543,0.0031020045280456543,0.15538878738880157,,,,0.9953981637954712,0.004601836204528809,0.20272451639175415,0.0,0.0,0.0,0.0,0.0,0.0,,0.0,0.0,0.0,0.0,0.0,0.0,0.0,,0.0,0.0,0.0,0.0,,0.0,0.0,0.0,,0.0,0.0,0.0,,0.0,0.0,0.0,,0.0,0.0,,0.0,,,0.0,0.005763232707977295,0.00991290807723999,0.0034749507904052734,0.0031020045280456543,,0.004601836204528809,0.996566891670227,0.0034331083297729492,0.16482561826705933,0.989152193069458,0.010847806930541992,0.25257158279418945,0.9966138005256653,0.003386199474334717,0.13859440386295319,0.0,0.0,0.0,0.0,0.0,0.0,0.0,0.0,0.0,0.0,,0.0,0.0,0.0,0.0,0.0,0.0,0.0,0.0,0.0,0.0,0.0,0.0,0.05263157894736842,,0.0,0.0,0.1111111111111111,0.0,0.0,0.0,0.0,,0.0,0.0,0.0,0.0,0.0,0.0,,0.0,0.0,0.0034331083297729492,0.010847806930541992,0.003386199474334717,0.9978581666946411,0.0021418333053588867,0.1939057856798172,0.0,0.0,0.0,0.0,0.0,0.0,0.0,0.0,0.0,0.0,0.0,,0.0,0.0,0.0021418333053588867,16.666666666666664,27.77777777777778,27.27272727272727,25.0,40.909090909090914,36.36363636363637,22.727272727272727,25.0,,29.411764705882355,26.666666666666668,33.33333333333333,31.57894736842105,26.666666666666668
pietas,history_classical,0.9958973526954651,0.004102647304534912,0.26895585656166077,,,,0.9952054023742676,0.004794597625732422,0.15908202528953552,0.9951355457305908,0.00486445426940918,0.161207914352417,,0.0,0.0,0.0,,,,0.0,0.0,0.0,0,20,0,0,4,2,0,4,8,8,2,5,0,0,16,20.0,0.0,0.0,4.0,2.0,0.0,4.0,8.0,8.0,2.0,5.0,0.0,0.0,16.0,0.0,0.0,0.2,0.1,0.0,0.2,0.4,0.4,0.1,0.25,0.0,0.0,0.8,0.0,4.0,2.0,0.0,4.0,8.0,8.0,2.0,5.0,0.0,0.0,16.0,4.0,2.0,0.0,4.0,8.0,8.0,2.0,5.0,0.0,0.0,16.0,0.5,0.0,1.0,2.0,2.0,0.5,1.25,0.0,0.0,4.0,0.0,2.0,4.0,4.0,1.0,2.5,0.0,0.0,8.0,4.0,8.0,8.0,2.0,5.0,0.0,0.0,16.0,2.0,2.0,0.5,1.25,0.0,0.0,4.0,1.0,0.25,0.625,0.0,0.0,2.0,0.25,0.625,0.0,0.0,2.0,2.5,0.0,0.0,8.0,0.0,0.0,3.2,0.0,16.0,16.0,0.004102647304534912,,0.004794597625732422,0.00486445426940918,0.9919525980949402,0.008047401905059814,0.19335465133190155,,,,0.9951760768890381,0.004823923110961914,0.1705949306488037,0.9954456686973572,0.004554331302642822,0.1714097410440445,,,,,,,,,0.0,0.0,0.0,0.0,,,0.0,,,,,,,,,,,,,0.0,0.0,,,0.0,0.0,,,0.0,0.0,,,0.0,,,,,,0.008047401905059814,,0.004823923110961914,0.004554331302642822,,,,,,,,,0.9950640201568604,0.0049359798431396484,0.16049185395240784,,,,,,,,,,,,,,,0.0,0.0,,,,,,,,,,,,,,0.0,0.0,0.0,,,,0.0,0.0,0.0,0.0,,,0.0,,,0.0049359798431396484,0.9964409470558167,0.0035590529441833496,0.1503184735774994,,0.0,,,0.0,,0.0,0.0,0.0,0.0,0.0,,,0.0,0.0035590529441833496,38.88888888888889,,36.36363636363637,35.0,59.09090909090909,,36.36363636363637,40.0,,,,,52.63157894736842,60.0
gloria,history_classical,0.9952600002288818,0.004739999771118164,0.6814548969268799,0.9946798086166382,0.005320191383361816,0.17087958753108978,0.9951346516609192,0.0048653483390808105,0.17542526125907898,0.994688093662262,0.005311906337738037,0.16108474135398865,0.0,0.0,0.0,0.0,0.0,0.0,0.0,0.0,0.0,0.0,21,14,10,0,6,2,4,9,12,33,8,55,15,3,16,0.6666666666666666,0.47619047619047616,0.0,0.2857142857142857,0.09523809523809523,0.19047619047619047,0.42857142857142855,0.5714285714285714,1.5714285714285714,0.38095238095238093,2.619047619047619,0.7142857142857143,0.14285714285714285,0.7619047619047619,0.7142857142857143,0.0,0.42857142857142855,0.14285714285714285,0.2857142857142857,0.6428571428571429,0.8571428571428571,2.357142857142857,0.5714285714285714,3.9285714285714284,1.0714285714285714,0.21428571428571427,1.1428571428571428,0.0,0.6,0.2,0.4,0.9,1.2,3.3,0.8,5.5,1.5,0.3,1.6,6.0,2.0,4.0,9.0,12.0,33.0,8.0,55.0,15.0,3.0,16.0,0.3333333333333333,0.6666666666666666,1.5,2.0,5.5,1.3333333333333333,9.166666666666666,2.5,0.5,2.6666666666666665,2.0,4.5,6.0,16.5,4.0,27.5,7.5,1.5,8.0,2.25,3.0,8.25,2.0,13.75,3.75,0.75,4.0,1.3333333333333333,3.6666666666666665,0.8888888888888888,6.111111111111111,1.6666666666666667,0.3333333333333333,1.7777777777777777,2.75,0.6666666666666666,4.583333333333333,1.25,0.25,1.3333333333333333,0.24242424242424243,1.6666666666666667,0.45454545454545453,0.09090909090909091,0.48484848484848486,6.875,1.875,0.375,2.0,0.2727272727272727,0.05454545454545454,0.2909090909090909,0.2,1.0666666666666667,5.333333333333333,0.004739999771118164,0.005320191383361816,0.0048653483390808105,0.005311906337738037,0.9945019483566284,0.005498051643371582,0.160578653216362,,,,0.9945398569107056,0.005460143089294434,0.1694166511297226,0.9950429797172546,0.004957020282745361,0.1694892942905426,0.9955804944038391,0.004419505596160889,0.16453179717063904,0.9931440353393555,0.006855964660644531,0.19641493260860443,,0.0,0.0,0.0,0.0,0.0,0.0,0.0,0.0,,,,,,,,,0.0,0.0,0.0,0.0,0.0,0.0,0.0,0.0,0.0,0.0,0.0,0.0,0.0,0.0,0.0,0.0,0.0,0.0,0.0,0.0,0.0,0.0,0.005498051643371582,,0.005460143089294434,0.004957020282745361,0.004419505596160889,0.006855964660644531,0.9951307773590088,0.004869222640991211,0.1669805496931076,0.9856098294258118,0.014390170574188232,0.26862046122550964,0.9946971535682678,0.005302846431732178,0.17279267311096191,0.0,0.0,,0.0,0.0,0.0,0.0,0.0,0.0,0.0,0.0,0.0,0.0,0.0,0.0,0.0,,0.0,0.0,0.0,0.0,0.0,0.0,0.0,0.0,0.0,0.0,,,0.0,0.0,0.0,0.0,0.0,0.0,0.0,0.0,0.0,0.0,0.0,0.0,0.0,0.004869222640991211,0.014390170574188232,0.005302846431732178,0.9962607622146606,0.0037392377853393555,0.1440870463848114,0.0,0.0,0.0,,0.1111111111111111,0.0,0.0,0.0,0.0,0.0,0.0,0.0,0.0,0.0,0.0037392377853393555,50.0,38.88888888888889,40.909090909090914,45.0,31.818181818181817,,50.0,50.0,38.46153846153847,35.294117647058826,40.0,53.333333333333336,57.89473684210527,66.66666666666666
gratia,history_classical,0.9926590919494629,0.007340908050537109,0.25787216424942017,0.9912188649177551,0.008781135082244873,0.22621317207813263,0.9911019206047058,0.00889807939529419,0.21083584427833557,0.9912368059158325,0.00876319408416748,0.21180783212184906,0.0,0.0,0.0,0.0,0.0,0.0,0.0,0.0,0.0,0.0,7,22,8,9,14,11,9,41,23,17,5,97,18,0,2,3.142857142857143,1.1428571428571428,1.2857142857142858,2.0,1.5714285714285714,1.2857142857142858,5.857142857142857,3.2857142857142856,2.4285714285714284,0.7142857142857143,13.857142857142858,2.5714285714285716,0.0,0.2857142857142857,0.36363636363636365,0.4090909090909091,0.6363636363636364,0.5,0.4090909090909091,1.8636363636363635,1.0454545454545454,0.7727272727272727,0.22727272727272727,4.409090909090909,0.8181818181818182,0.0,0.09090909090909091,1.125,1.75,1.375,1.125,5.125,2.875,2.125,0.625,12.125,2.25,0.0,0.25,1.5555555555555556,1.2222222222222223,1.0,4.555555555555555,2.5555555555555554,1.8888888888888888,0.5555555555555556,10.777777777777779,2.0,0.0,0.2222222222222222,0.7857142857142857,0.6428571428571429,2.9285714285714284,1.6428571428571428,1.2142857142857142,0.35714285714285715,6.928571428571429,1.2857142857142858,0.0,0.14285714285714285,0.8181818181818182,3.727272727272727,2.090909090909091,1.5454545454545454,0.45454545454545453,8.818181818181818,1.6363636363636365,0.0,0.18181818181818182,4.555555555555555,2.5555555555555554,1.8888888888888888,0.5555555555555556,10.777777777777779,2.0,0.0,0.2222222222222222,0.5609756097560976,0.4146341463414634,0.12195121951219512,2.3658536585365852,0.43902439024390244,0.0,0.04878048780487805,0.7391304347826086,0.21739130434782608,4.217391304347826,0.782608695652174,0.0,0.08695652173913043,0.29411764705882354,5.705882352941177,1.0588235294117647,0.0,0.11764705882352941,19.4,3.6,0.0,0.4,0.18556701030927836,0.0,0.020618556701030927,0.0,0.1111111111111111,2.0,0.007340908050537109,0.008781135082244873,0.00889807939529419,0.00876319408416748,0.9893927574157715,0.010607242584228516,0.22278772294521332,0.980685830116272,0.019314169883728027,0.30076488852500916,0.9912371635437012,0.008762836456298828,0.21334080398082733,0.9913362860679626,0.008663713932037354,0.21701858937740326,0.9922521114349365,0.0077478885650634766,0.21663911640644073,,,,0.0,0.0,0.0,0.0,0.0,0.0,0.0,,0.0,0.0,0.0,0.0,0.0,0.0,0.0,,0.0,0.0,0.0,0.0,,0.0,0.0,0.0,,0.0,0.0,0.0,,0.0,0.0,0.0,,0.0,0.0,,,0.0,,0.010607242584228516,0.019314169883728027,0.008762836456298828,0.008663713932037354,0.0077478885650634766,,0.9914789199829102,0.008521080017089844,0.225647434592247,0.9802664518356323,0.019733548164367676,0.3251093029975891,0.9913740754127502,0.008625924587249756,0.20669405162334442,0.0,0.0,0.0,0.0,0.0,0.0,0.0,0.0,0.0,0.0,0.05263157894736842,,0.0,0.0,0.0,0.0,0.0,0.0,0.0,0.0,0.0,0.0,0.0,0.0,0.0,,0.0,0.1111111111111111,0.0,0.0,0.0,0.0,0.0,,0.0,0.0,0.0,0.0,0.0,0.0,,0.0,0.008521080017089844,0.019733548164367676,0.008625924587249756,0.9929728507995605,0.007027149200439453,0.23995506763458252,0.0,0.0,0.0,0.0,0.0,0.0,0.0,0.0,0.0,0.0,0.0,0.0,,0.0,0.007027149200439453,55.55555555555556,44.44444444444444,63.63636363636363,55.00000000000001,68.18181818181817,72.72727272727273,59.09090909090909,55.00000000000001,53.84615384615385,,53.333333333333336,66.66666666666666,68.42105263157895,80.0
gratus,history_classical,0.9847873449325562,0.015212655067443848,0.5814376473426819,0.9828164577484131,0.017183542251586914,0.3052084743976593,0.9834091067314148,0.016590893268585205,0.2878406047821045,,,,0.0,0.0,0.0,,0.0,0.0,,0.0,,,3,4,5,6,0,3,6,14,2,11,5,26,3,3,0,1.3333333333333333,1.6666666666666667,2.0,0.0,1.0,2.0,4.666666666666667,0.6666666666666666,3.6666666666666665,1.6666666666666667,8.666666666666666,1.0,1.0,0.0,1.25,1.5,0.0,0.75,1.5,3.5,0.5,2.75,1.25,6.5,0.75,0.75,0.0,1.2,0.0,0.6,1.2,2.8,0.4,2.2,1.0,5.2,0.6,0.6,0.0,0.0,0.5,1.0,2.3333333333333335,0.3333333333333333,1.8333333333333333,0.8333333333333334,4.333333333333333,0.5,0.5,0.0,3.0,6.0,14.0,2.0,11.0,5.0,26.0,3.0,3.0,0.0,2.0,4.666666666666667,0.6666666666666666,3.6666666666666665,1.6666666666666667,8.666666666666666,1.0,1.0,0.0,2.3333333333333335,0.3333333333333333,1.8333333333333333,0.8333333333333334,4.333333333333333,0.5,0.5,0.0,0.14285714285714285,0.7857142857142857,0.35714285714285715,1.8571428571428572,0.21428571428571427,0.21428571428571427,0.0,5.5,2.5,13.0,1.5,1.5,0.0,0.45454545454545453,2.3636363636363638,0.2727272727272727,0.2727272727272727,0.0,5.2,0.6,0.6,0.0,0.11538461538461539,0.11538461538461539,0.0,1.0,0.0,0.0,0.015212655067443848,0.017183542251586914,0.016590893268585205,,0.9780639410018921,0.02193605899810791,0.3219397962093353,0.9691691398620605,0.030830860137939453,0.3753070831298828,0.982732892036438,0.01726710796356201,0.3010149896144867,0.983023464679718,0.016976535320281982,0.2983956038951874,0.9843477010726929,0.01565229892730713,0.27900776267051697,0.9798509478569031,0.020149052143096924,0.3372858762741089,0.0,0.0,0.0,0.05263157894736842,0.0,0.0,0.0,0.0,,0.0,0.0,0.0,0.0,0.05263157894736842,0.0,0.0,,0.0,0.0,0.0,0.0,0.0,0.0,0.05263157894736842,0.0,0.0,0.0,0.0,0.0,,0.0,0.0,0.0,,0.0,0.0,0.0,,,0.02193605899810791,0.030830860137939453,0.01726710796356201,0.016976535320281982,0.01565229892730713,0.020149052143096924,0.9829372763633728,0.017062723636627197,0.2937524616718292,0.9677558541297913,0.03224414587020874,0.40779781341552734,0.9827553033828735,0.017244696617126465,0.2944311499595642,0.0,0.0,0.0,0.0,0.0,0.0,0.0,0.0,0.0,0.0,0.0,0.0,,0.0,0.0,0.0,0.0,0.0,0.0,0.0,0.0,0.0,0.05263157894736842,0.0,0.0,0.0,,0.05263157894736842,0.0,0.0,0.0,0.0,0.0,0.0,0.0,0.0,0.0,0.0,0.0,0.0,0.0,,0.017062723636627197,0.03224414587020874,0.017244696617126465,,,,,,,,,,,,,,,,,,,66.66666666666666,66.66666666666666,72.72727272727273,,77.27272727272727,90.9090909090909,72.72727272727273,70.0,69.23076923076923,70.58823529411765,60.0,73.33333333333333,73.68421052631578,
honor,history_classical,0.9666076898574829,0.03339231014251709,0.5881175398826599,0.963135838508606,0.03686416149139404,0.4344911575317383,0.9635146856307983,0.03648531436920166,0.42871689796447754,0.9619090557098389,0.03809094429016113,0.4395195245742798,0.0,0.0,0.0,0.0,0.0,0.0,0.0,0.0,0.0,0.0,11,42,8,0,3,7,12,27,24,35,8,106,9,11,32,3.8181818181818183,0.7272727272727273,0.0,0.2727272727272727,0.6363636363636364,1.0909090909090908,2.4545454545454546,2.1818181818181817,3.1818181818181817,0.7272727272727273,9.636363636363637,0.8181818181818182,1.0,2.909090909090909,0.19047619047619047,0.0,0.07142857142857142,0.16666666666666666,0.2857142857142857,0.6428571428571429,0.5714285714285714,0.8333333333333334,0.19047619047619047,2.5238095238095237,0.21428571428571427,0.2619047619047619,0.7619047619047619,0.0,0.375,0.875,1.5,3.375,3.0,4.375,1.0,13.25,1.125,1.375,4.0,3.0,7.0,12.0,27.0,24.0,35.0,8.0,106.0,9.0,11.0,32.0,2.3333333333333335,4.0,9.0,8.0,11.666666666666666,2.6666666666666665,35.333333333333336,3.0,3.6666666666666665,10.666666666666666,1.7142857142857142,3.857142857142857,3.4285714285714284,5.0,1.1428571428571428,15.142857142857142,1.2857142857142858,1.5714285714285714,4.571428571428571,2.25,2.0,2.9166666666666665,0.6666666666666666,8.833333333333334,0.75,0.9166666666666666,2.6666666666666665,0.8888888888888888,1.2962962962962963,0.2962962962962963,3.925925925925926,0.3333333333333333,0.4074074074074074,1.1851851851851851,1.4583333333333333,0.3333333333333333,4.416666666666667,0.375,0.4583333333333333,1.3333333333333333,0.22857142857142856,3.0285714285714285,0.2571428571428571,0.3142857142857143,0.9142857142857143,13.25,1.125,1.375,4.0,0.08490566037735849,0.10377358490566038,0.3018867924528302,1.2222222222222223,3.5555555555555554,2.909090909090909,0.03339231014251709,0.03686416149139404,0.03648531436920166,0.03809094429016113,0.953994870185852,0.04600512981414795,0.4730449318885803,,,,0.9631680250167847,0.03683197498321533,0.4286797344684601,0.9632343649864197,0.03676563501358032,0.43352192640304565,0.9651099443435669,0.034890055656433105,0.41400572657585144,0.9580734372138977,0.041926562786102295,0.4634178876876831,,0.0,0.0,0.0,0.0,0.0,0.0,0.05263157894736842,0.0,,,,,,,,,0.05263157894736842,0.0,0.0,0.0,0.0,0.0,0.0,0.0,0.0,0.0,0.0,0.0,0.0,0.0,0.0,0.0,0.0,0.05263157894736842,0.0,0.0,0.0,0.0,0.04600512981414795,,0.03683197498321533,0.03676563501358032,0.034890055656433105,0.041926562786102295,0.9636204242706299,0.03637957572937012,0.4275249242782593,0.9417838454246521,0.0582161545753479,0.5374315977096558,0.9628695845603943,0.03713041543960571,0.43008628487586975,0.0,0.0,,0.0,0.0,0.0,0.0,0.0,0.0,0.0,0.0,0.0,0.0,0.0,0.0,0.0,,0.0,0.0,0.0,0.0,0.0,0.0,0.0,0.0,0.0,0.0,,,0.0,0.05263157894736842,0.0,0.0,0.0,0.0,0.0,0.0,0.0,0.0,0.0,0.0,0.0,0.03637957572937012,0.0582161545753479,0.03713041543960571,0.9671552181243896,0.03284478187561035,0.4104818105697632,0.05263157894736842,0.0,0.0,,0.0,0.05263157894736842,0.0,0.0,0.0,0.0,0.0,0.0,0.0,0.0,0.03284478187561035,77.77777777777779,83.33333333333334,90.9090909090909,90.0,90.9090909090909,,86.36363636363636,85.0,76.92307692307693,82.35294117647058,80.0,86.66666666666667,84.21052631578947,86.66666666666667
iustus,history_classical,,,,0.9987911581993103,0.0012088418006896973,0.13582079112529755,0.9987316131591797,0.0012683868408203125,0.09746161103248596,0.9987567067146301,0.001243293285369873,0.10754133760929108,,,,,0.0,0.0,0.0,0.0,0.0,0.0,17,16,0,0,9,0,7,3,8,9,14,30,4,4,18,0.9411764705882353,0.0,0.0,0.5294117647058824,0.0,0.4117647058823529,0.17647058823529413,0.47058823529411764,0.5294117647058824,0.8235294117647058,1.7647058823529411,0.23529411764705882,0.23529411764705882,1.0588235294117647,0.0,0.0,0.5625,0.0,0.4375,0.1875,0.5,0.5625,0.875,1.875,0.25,0.25,1.125,0.0,9.0,0.0,7.0,3.0,8.0,9.0,14.0,30.0,4.0,4.0,18.0,9.0,0.0,7.0,3.0,8.0,9.0,14.0,30.0,4.0,4.0,18.0,0.0,0.7777777777777778,0.3333333333333333,0.8888888888888888,1.0,1.5555555555555556,3.3333333333333335,0.4444444444444444,0.4444444444444444,2.0,7.0,3.0,8.0,9.0,14.0,30.0,4.0,4.0,18.0,0.42857142857142855,1.1428571428571428,1.2857142857142858,2.0,4.285714285714286,0.5714285714285714,0.5714285714285714,2.5714285714285716,2.6666666666666665,3.0,4.666666666666667,10.0,1.3333333333333333,1.3333333333333333,6.0,1.125,1.75,3.75,0.5,0.5,2.25,1.5555555555555556,3.3333333333333335,0.4444444444444444,0.4444444444444444,2.0,2.142857142857143,0.2857142857142857,0.2857142857142857,1.2857142857142858,0.13333333333333333,0.13333333333333333,0.6,1.0,4.5,4.5,,0.0012088418006896973,0.0012683868408203125,0.001243293285369873,0.9967255592346191,0.0032744407653808594,0.12802255153656006,,,,0.9987349510192871,0.0012650489807128906,0.11471829563379288,0.9987960457801819,0.0012039542198181152,0.11933591216802597,0.9989643096923828,0.0010356903076171875,0.1124032586812973,0.9980373978614807,0.001962602138519287,0.14805616438388824,,0.0,0.0,0.05263157894736842,0.0,0.0,0.0,0.0,0.0,,,,,,,,,0.0,0.05263157894736842,0.0,0.0,0.0,0.0,0.0,0.0,0.0,0.0,0.0,0.0,0.0,0.0,0.05263157894736842,0.0,0.0,0.0,0.0,0.0,0.0,0.0,0.0032744407653808594,,0.0012650489807128906,0.0012039542198181152,0.0010356903076171875,0.001962602138519287,0.998758852481842,0.001241147518157959,0.12286996096372604,,,,0.9987587332725525,0.0012412667274475098,0.1012212336063385,0.0,,,,0.0,0.0,0.0,0.0,0.0,0.0,0.0,0.0,0.0,,,0.0,,,,,,,,,,,,,,,,,,,0.0,0.0,0.0,0.0,0.0,0.0,0.0,0.0,0.001241147518157959,,0.0012412667274475098,0.9991734027862549,0.0008265972137451172,0.11550801992416382,0.0,0.0,,,,0.0,0.0,0.0,0.0,0.0,0.0,0.0,0.0,0.0,0.0008265972137451172,,11.11111111111111,9.090909090909092,10.0,18.181818181818183,,9.090909090909092,10.0,15.384615384615385,17.647058823529413,13.333333333333334,,10.526315789473683,13.333333333333334
magnus,history_classical,0.9628779292106628,0.03712207078933716,0.42156746983528137,0.965793788433075,0.03420621156692505,0.41615942120552063,0.9653652310371399,0.03463476896286011,0.41498905420303345,0.9656325578689575,0.03436744213104248,0.4121485948562622,0.0,0.0,0.0,0.0,0.0,0.0,0.0,0.0,0.0,0.0,95,58,117,7,11,9,62,70,57,130,79,685,51,52,41,0.6105263157894737,1.231578947368421,0.07368421052631578,0.11578947368421053,0.09473684210526316,0.6526315789473685,0.7368421052631579,0.6,1.368421052631579,0.8315789473684211,7.2105263157894735,0.5368421052631579,0.5473684210526316,0.43157894736842106,2.0172413793103448,0.1206896551724138,0.1896551724137931,0.15517241379310345,1.0689655172413792,1.206896551724138,0.9827586206896551,2.2413793103448274,1.3620689655172413,11.810344827586206,0.8793103448275862,0.896551724137931,0.7068965517241379,0.05982905982905983,0.09401709401709402,0.07692307692307693,0.5299145299145299,0.5982905982905983,0.48717948717948717,1.1111111111111112,0.6752136752136753,5.854700854700854,0.4358974358974359,0.4444444444444444,0.3504273504273504,1.5714285714285714,1.2857142857142858,8.857142857142858,10.0,8.142857142857142,18.571428571428573,11.285714285714286,97.85714285714286,7.285714285714286,7.428571428571429,5.857142857142857,0.8181818181818182,5.636363636363637,6.363636363636363,5.181818181818182,11.818181818181818,7.181818181818182,62.27272727272727,4.636363636363637,4.7272727272727275,3.727272727272727,6.888888888888889,7.777777777777778,6.333333333333333,14.444444444444445,8.777777777777779,76.11111111111111,5.666666666666667,5.777777777777778,4.555555555555555,1.1290322580645162,0.9193548387096774,2.096774193548387,1.2741935483870968,11.048387096774194,0.8225806451612904,0.8387096774193549,0.6612903225806451,0.8142857142857143,1.8571428571428572,1.1285714285714286,9.785714285714286,0.7285714285714285,0.7428571428571429,0.5857142857142857,2.280701754385965,1.3859649122807018,12.017543859649123,0.8947368421052632,0.9122807017543859,0.7192982456140351,0.6076923076923076,5.269230769230769,0.3923076923076923,0.4,0.3153846153846154,8.670886075949367,0.6455696202531646,0.6582278481012658,0.5189873417721519,0.07445255474452554,0.07591240875912408,0.059854014598540145,1.0196078431372548,0.803921568627451,0.7884615384615384,0.03712207078933716,0.03420621156692505,0.03463476896286011,0.03436744213104248,0.9694520235061646,0.03054797649383545,0.3825652301311493,0.9805303812026978,0.019469618797302246,0.30577149987220764,0.9659515023231506,0.034048497676849365,0.41142404079437256,0.9656232595443726,0.03437674045562744,0.41535672545433044,0.9632564187049866,0.03674358129501343,0.43256673216819763,0.9699392318725586,0.030060768127441406,0.3974513113498688,0.0,0.0,0.0,0.0,0.0,0.0,0.0,0.0,0.0,0.0,0.0,0.0,0.0,0.0,0.0,0.0,0.0,0.0,0.0,0.0,0.0,0.0,0.0,0.0,0.0,0.0,0.0,0.0,0.0,0.05263157894736842,0.0,0.0,0.0,0.0,0.0,0.0,0.0,0.0,0.0,0.03054797649383545,0.019469618797302246,0.034048497676849365,0.03437674045562744,0.03674358129501343,0.030060768127441406,0.9651022553443909,0.03489774465560913,0.4186055362224579,0.9817530512809753,0.018246948719024658,0.3037011921405792,0.9657548666000366,0.03424513339996338,0.4085129499435425,0.0,0.0,0.0,0.0,0.0,0.0,0.0,0.0,0.0,0.0,0.0,0.0,0.0,0.0,0.0,0.0,0.0,0.0,0.0,0.0,0.0,0.0,0.05263157894736842,0.0,0.0,0.0,0.0,0.1111111111111111,0.0,0.0,0.0,0.0,0.0,0.0,0.0,0.0,0.0,0.0,0.05263157894736842,0.0,0.0,0.0,0.03489774465560913,0.018246948719024658,0.03424513339996338,0.9610567092895508,0.03894329071044922,0.47588127851486206,0.0,0.0,0.0,0.05263157894736842,0.0,0.0,0.0,0.0,0.0,0.0,0.0,0.0,0.0,0.0,0.03894329071044922,88.88888888888889,77.77777777777779,81.81818181818183,80.0,81.81818181818183,81.81818181818183,81.81818181818183,80.0,84.61538461538461,76.47058823529412,73.33333333333333,60.0,78.94736842105263,93.33333333333333
longus,history_classical,0.9962969422340393,0.0037030577659606934,0.38652271032333374,0.9969296455383301,0.003070354461669922,0.15377716720104218,0.9968924522399902,0.0031075477600097656,0.1628827005624771,0.9969818592071533,0.0030181407928466797,0.14369124174118042,0.0,0.0,0.0,0.0,0.0,0.0,0.0,0.0,0.0,0.0,5,4,27,0,0,4,43,9,5,32,23,33,0,31,22,0.8,5.4,0.0,0.0,0.8,8.6,1.8,1.0,6.4,4.6,6.6,0.0,6.2,4.4,6.75,0.0,0.0,1.0,10.75,2.25,1.25,8.0,5.75,8.25,0.0,7.75,5.5,0.0,0.0,0.14814814814814814,1.5925925925925926,0.3333333333333333,0.18518518518518517,1.1851851851851851,0.8518518518518519,1.2222222222222223,0.0,1.1481481481481481,0.8148148148148148,0.0,4.0,43.0,9.0,5.0,32.0,23.0,33.0,0.0,31.0,22.0,4.0,43.0,9.0,5.0,32.0,23.0,33.0,0.0,31.0,22.0,10.75,2.25,1.25,8.0,5.75,8.25,0.0,7.75,5.5,0.20930232558139536,0.11627906976744186,0.7441860465116279,0.5348837209302325,0.7674418604651163,0.0,0.7209302325581395,0.5116279069767442,0.5555555555555556,3.5555555555555554,2.5555555555555554,3.6666666666666665,0.0,3.4444444444444446,2.4444444444444446,6.4,4.6,6.6,0.0,6.2,4.4,0.71875,1.03125,0.0,0.96875,0.6875,1.434782608695652,0.0,1.3478260869565217,0.9565217391304348,0.0,0.9393939393939394,0.6666666666666666,31.0,22.0,0.7096774193548387,0.0037030577659606934,0.003070354461669922,0.0031075477600097656,0.0030181407928466797,0.9978184103965759,0.0021815896034240723,0.10156045109033585,,,,0.9970442056655884,0.002955794334411621,0.14618441462516785,0.9969670176506042,0.003032982349395752,0.16474123299121857,,,,0.9981913566589355,0.0018086433410644531,0.1605430394411087,,0.0,0.0,0.0,0.0,0.0,,0.0,0.0,,,,,,,,,0.0,0.0,,0.0,0.0,0.05263157894736842,,0.0,0.0,0.0,,0.0,0.0,0.0,,0.0,0.0,,0.0,,,0.0,0.0021815896034240723,,0.002955794334411621,0.003032982349395752,,0.0018086433410644531,0.9971896409988403,0.002810359001159668,0.1600501835346222,0.9999098777770996,9.012222290039062e-05,0.087591752409935,0.9970687627792358,0.00293123722076416,0.15278899669647217,0.0,0.0,,0.0,0.0,0.0,0.0,0.0,0.0,0.0,,0.0,0.0,0.0,0.0,0.0,,0.0,0.0,0.0,0.0,0.0,0.0,0.0,,0.0,0.0,,,0.0,0.0,0.0,,0.0,0.0,0.0,0.0,0.0,0.0,,0.0,0.0,0.002810359001159668,9.012222290039062e-05,0.00293123722076416,,,,,,,,,,,,,,,,,,,27.77777777777778,22.22222222222222,22.727272727272727,20.0,9.090909090909092,,18.181818181818183,20.0,,11.76470588235294,20.0,6.666666666666667,26.31578947368421,
altus,history_classical,0.9756911993026733,0.02430880069732666,0.3387991487979889,0.9783241748809814,0.021675825119018555,0.33076101541519165,0.9778199195861816,0.02218008041381836,0.33919376134872437,0.9783288836479187,0.0216711163520813,0.33432018756866455,0.0,0.0,0.0,0.0,0.0,0.0,0.0,0.0,0.0,0.0,4,6,13,9,0,4,44,4,0,12,25,26,0,40,17,1.5,3.25,2.25,0.0,1.0,11.0,1.0,0.0,3.0,6.25,6.5,0.0,10.0,4.25,2.1666666666666665,1.5,0.0,0.6666666666666666,7.333333333333333,0.6666666666666666,0.0,2.0,4.166666666666667,4.333333333333333,0.0,6.666666666666667,2.8333333333333335,0.6923076923076923,0.0,0.3076923076923077,3.3846153846153846,0.3076923076923077,0.0,0.9230769230769231,1.9230769230769231,2.0,0.0,3.076923076923077,1.3076923076923077,0.0,0.4444444444444444,4.888888888888889,0.4444444444444444,0.0,1.3333333333333333,2.7777777777777777,2.888888888888889,0.0,4.444444444444445,1.8888888888888888,4.0,44.0,4.0,0.0,12.0,25.0,26.0,0.0,40.0,17.0,11.0,1.0,0.0,3.0,6.25,6.5,0.0,10.0,4.25,0.09090909090909091,0.0,0.2727272727272727,0.5681818181818182,0.5909090909090909,0.0,0.9090909090909091,0.38636363636363635,0.0,3.0,6.25,6.5,0.0,10.0,4.25,12.0,25.0,26.0,0.0,40.0,17.0,2.0833333333333335,2.1666666666666665,0.0,3.3333333333333335,1.4166666666666667,1.04,0.0,1.6,0.68,0.0,1.5384615384615385,0.6538461538461539,40.0,17.0,0.425,0.02430880069732666,0.021675825119018555,0.02218008041381836,0.0216711163520813,0.9806640148162842,0.01933598518371582,0.30311155319213867,0.9893779158592224,0.010622084140777588,0.22839316725730896,0.9785362482070923,0.021463751792907715,0.3245334029197693,0.9780086874961853,0.021991312503814697,0.33023297786712646,,,,0.9811601638793945,0.01883983612060547,0.31363365054130554,0.0,0.0,0.0,0.0,0.0,0.0,,0.0,0.0,0.0,0.05263157894736842,0.0,0.0,0.0,,0.0,0.0,0.0,0.0,,0.05263157894736842,0.0,0.0,,0.0,0.0,0.0,,0.0,0.0,0.0,,0.05263157894736842,0.0,,0.0,,,0.0,0.01933598518371582,0.010622084140777588,0.021463751792907715,0.021991312503814697,,0.01883983612060547,0.9775862097740173,0.022413790225982666,0.3456330895423889,0.9898483753204346,0.01015162467956543,0.23497997224330902,,,,0.0,0.0,0.0,0.0,0.0,0.0,,0.0,0.0,0.0,,0.0,0.0,0.0,0.0,,0.0,0.0,0.0,0.0,,0.0,0.0,0.0,,0.0,0.0,0.05263157894736842,,,0.0,0.0,,0.0,,,,,,,,,0.022413790225982666,0.01015162467956543,,,,,,,,,,,,,,,,,,,,72.22222222222221,72.22222222222221,77.27272727272727,75.0,72.72727272727273,45.45454545454545,77.27272727272727,75.0,,64.70588235294117,66.66666666666666,26.666666666666668,,
bonus,history_classical,0.9959096908569336,0.004090309143066406,0.21572177112102509,0.994967520236969,0.005032479763031006,0.19133958220481873,0.9950037002563477,0.004996299743652344,0.17593812942504883,0.994879961013794,0.005120038986206055,0.18357084691524506,0.0,0.0,0.0,0.0,0.0,0.0,0.0,0.0,0.0,0.0,75,85,64,10,3,7,11,35,32,65,28,94,25,13,22,1.1333333333333333,0.8533333333333334,0.13333333333333333,0.04,0.09333333333333334,0.14666666666666667,0.4666666666666667,0.4266666666666667,0.8666666666666667,0.37333333333333335,1.2533333333333334,0.3333333333333333,0.17333333333333334,0.29333333333333333,0.7529411764705882,0.11764705882352941,0.03529411764705882,0.08235294117647059,0.12941176470588237,0.4117647058823529,0.3764705882352941,0.7647058823529411,0.32941176470588235,1.1058823529411765,0.29411764705882354,0.15294117647058825,0.25882352941176473,0.15625,0.046875,0.109375,0.171875,0.546875,0.5,1.015625,0.4375,1.46875,0.390625,0.203125,0.34375,0.3,0.7,1.1,3.5,3.2,6.5,2.8,9.4,2.5,1.3,2.2,2.3333333333333335,3.6666666666666665,11.666666666666666,10.666666666666666,21.666666666666668,9.333333333333334,31.333333333333332,8.333333333333334,4.333333333333333,7.333333333333333,1.5714285714285714,5.0,4.571428571428571,9.285714285714286,4.0,13.428571428571429,3.5714285714285716,1.8571428571428572,3.142857142857143,3.1818181818181817,2.909090909090909,5.909090909090909,2.5454545454545454,8.545454545454545,2.272727272727273,1.1818181818181819,2.0,0.9142857142857143,1.8571428571428572,0.8,2.6857142857142855,0.7142857142857143,0.37142857142857144,0.6285714285714286,2.03125,0.875,2.9375,0.78125,0.40625,0.6875,0.4307692307692308,1.4461538461538461,0.38461538461538464,0.2,0.3384615384615385,3.357142857142857,0.8928571428571429,0.4642857142857143,0.7857142857142857,0.26595744680851063,0.13829787234042554,0.23404255319148937,0.52,0.88,1.6923076923076923,0.004090309143066406,0.005032479763031006,0.004996299743652344,0.005120038986206055,0.9927986264228821,0.00720137357711792,0.18166683614253998,0.9869574904441833,0.01304250955581665,0.4360857903957367,0.9949186444282532,0.005081355571746826,0.16366024315357208,0.9952613711357117,0.00473862886428833,0.1811407506465912,0.9959489703178406,0.004051029682159424,0.1740439385175705,0.993127167224884,0.006872832775115967,0.22148966789245605,0.0,0.0,0.0,0.0,0.0,0.0,0.0,0.0,0.0,0.0,0.0,0.0,0.0,0.0,0.0,0.0,0.0,0.0,0.0,0.0,0.0,0.0,0.0,0.0,0.0,0.0,0.0,0.0,0.0,0.0,0.0,0.0,0.0,0.0,0.0,0.0,0.0,0.0,0.0,0.00720137357711792,0.01304250955581665,0.005081355571746826,0.00473862886428833,0.004051029682159424,0.006872832775115967,0.9951075315475464,0.004892468452453613,0.16450656950473785,0.9867162108421326,0.013283789157867432,0.2603034973144531,0.9952019453048706,0.0047980546951293945,0.16778981685638428,0.0,0.0,0.0,0.0,0.0,0.0,0.0,0.0,0.0,0.0,0.0,0.0,0.0,0.0,0.0,0.0,0.0,0.0,0.0,0.0,0.0,0.0,0.0,0.0,0.0,0.0,0.0,0.1111111111111111,0.0,0.0,0.0,0.0,0.0,0.0,0.0,0.0,0.0,0.0,0.0,0.0,0.0,0.0,0.004892468452453613,0.013283789157867432,0.0047980546951293945,0.9965774416923523,0.003422558307647705,0.2641693949699402,0.0,0.0,0.0,0.0,0.0,0.05263157894736842,0.0,0.0,0.0,0.0,0.0,0.0,0.0,0.0,0.003422558307647705,33.33333333333333,33.33333333333333,45.45454545454545,40.0,50.0,63.63636363636363,45.45454545454545,45.0,30.76923076923077,41.17647058823529,46.666666666666664,46.666666666666664,47.368421052631575,46.666666666666664
malus,history_classical,0.9980127811431885,0.0019872188568115234,0.1429084986448288,0.9976189136505127,0.0023810863494873047,0.14547866582870483,0.9975570440292358,0.00244295597076416,0.1523430496454239,0.997623085975647,0.0023769140243530273,0.130189448595047,0.0,0.0,0.0,0.0,0.0,0.0,0.0,0.0,0.0,0.0,0,40,17,5,0,5,3,13,12,18,9,22,7,2,3,40.0,17.0,5.0,0.0,5.0,3.0,13.0,12.0,18.0,9.0,22.0,7.0,2.0,3.0,0.425,0.125,0.0,0.125,0.075,0.325,0.3,0.45,0.225,0.55,0.175,0.05,0.075,0.29411764705882354,0.0,0.29411764705882354,0.17647058823529413,0.7647058823529411,0.7058823529411765,1.0588235294117647,0.5294117647058824,1.2941176470588236,0.4117647058823529,0.11764705882352941,0.17647058823529413,0.0,1.0,0.6,2.6,2.4,3.6,1.8,4.4,1.4,0.4,0.6,5.0,3.0,13.0,12.0,18.0,9.0,22.0,7.0,2.0,3.0,0.6,2.6,2.4,3.6,1.8,4.4,1.4,0.4,0.6,4.333333333333333,4.0,6.0,3.0,7.333333333333333,2.3333333333333335,0.6666666666666666,1.0,0.9230769230769231,1.3846153846153846,0.6923076923076923,1.6923076923076923,0.5384615384615384,0.15384615384615385,0.23076923076923078,1.5,0.75,1.8333333333333333,0.5833333333333334,0.16666666666666666,0.25,0.5,1.2222222222222223,0.3888888888888889,0.1111111111111111,0.16666666666666666,2.4444444444444446,0.7777777777777778,0.2222222222222222,0.3333333333333333,0.3181818181818182,0.09090909090909091,0.13636363636363635,0.2857142857142857,0.42857142857142855,1.5,0.0019872188568115234,0.0023810863494873047,0.00244295597076416,0.0023769140243530273,0.9946739077568054,0.00532609224319458,0.15682190656661987,0.9917811751365662,0.008218824863433838,0.40067267417907715,0.9978131651878357,0.0021868348121643066,0.12891027331352234,0.9977549910545349,0.002245008945465088,0.1393318772315979,0.9979209899902344,0.002079010009765625,0.10490695387125015,0.9963571429252625,0.003642857074737549,0.15731294453144073,0.0,0.0,0.0,0.0,0.0,0.0,0.0,0.0,0.0,0.0,0.0,0.0,0.0,0.0,0.0,0.0,0.0,0.0,0.0,0.0,0.0,0.0,0.0,0.0,0.0,0.0,0.0,0.0,0.0,0.0,0.0,0.0,0.0,0.0,0.0,0.0,0.0,0.0,0.0,0.00532609224319458,0.008218824863433838,0.0021868348121643066,0.002245008945465088,0.002079010009765625,0.003642857074737549,,,,0.9913656711578369,0.008634328842163086,0.2209787368774414,0.9977014660835266,0.0022985339164733887,0.1295020431280136,,,,,,,,,,,,,,0.0,0.05263157894736842,0.0,0.0,0.0,0.0,0.0,0.0,0.0,0.0,0.0,0.0,0.0,0.0,0.1111111111111111,0.0,0.0,0.0,0.0,0.0,0.0,0.0,0.0,0.0,0.0,0.0,0.0,0.0,0.0,,0.008634328842163086,0.0022985339164733887,,,,,,,,,,,,,,,,,,,11.11111111111111,16.666666666666664,18.181818181818183,15.0,27.27272727272727,27.27272727272727,13.636363636363635,15.0,23.076923076923077,23.52941176470588,,20.0,21.052631578947366,
